,subject,trials,activations,torques,emgSO,emgMG,emgLG,lnemgSO,lnemgMG,lnemgLG,emg_norm_mvc,emg_norm_mmax
0,sub01,01,1.073749098796828,3.5638683350196203,0.0037826985020182865,0.0034665713769153374,0.0032541189961724447,-5.577317634625658,-5.664589249308974,-5.727833701655266,11.99059773862393,0.6561647516460322
1,sub01,05,4.300202126538344,10.135483719499147,0.00888982244438724,0.004349035155568255,0.004013908571034648,-4.722848202165649,-5.437801261801181,-5.51798980638742,28.64687690785032,1.5676508612348177
2,sub01,10,10.090744459945988,14.465865768973531,0.010144635489042864,0.003880182782564943,0.003916452991222671,-4.590810236458992,-5.551873017548054,-5.54256888398079,33.48199906894151,1.8322445705034538
3,sub01,15,12.114664374271666,16.29539599305722,0.00875019875909392,0.004883871056437525,0.0040149321110421595,-4.738678863545584,-5.321817124303015,-5.5177348405577105,30.531612696258613,1.6707897720278708
4,sub01,25,23.010005379095844,25.398260531748168,0.008679919075435166,0.009540220955158323,0.0038015483594611645,-4.7467430734598866,-4.652238632872089,-5.572346832224213,27.730409049896405,1.5174987405887528
5,sub01,50,44.85731616757831,51.70945852243298,0.014372509248926451,0.02327407203269213,0.008886047800271657,-4.24243797695154,-3.7604153263155586,-4.723272895204062,48.33255754903352,2.644915734135764
6,sub01,75,71.15205757149535,77.9244222165423,0.020187995228289846,0.021606655046296122,0.012487211216771647,-3.902667146867838,-3.8347539077511157,-4.383050261058923,62.78625237363432,3.4358692196656797
7,sub01,90,78.4487603798905,98.89683780867604,0.04920599908114085,0.040814187179052365,0.03944063883409522,-3.0117397303735296,-3.198725533037566,-3.232958551759835,149.0620814409646,8.157164953794538
8,sub01,95,87.74158907843945,99.98841331764046,0.03883400376273119,0.03292818254161082,0.027919521050643742,-3.2484590305171777,-3.4134263756866434,-3.5784291555816736,117.3173539821924,6.4199895716232485
9,sub01,100,90.61900177052495,118.7668814672117,0.03696003388601198,0.05064845707731706,0.02846610242856034,-3.2979181153797454,-2.982846511193348,-3.559041288062922,121.10466689249002,6.627243729369386
0,sub02,01,1.5946003718450674,2.0852412813137264,0.0026135566594036657,0.006077308500624959,0.004109179302669588,-5.947043280534657,-5.103193361834404,-5.4945319534620705,5.663099609718201,0.49739832786441834
1,sub02,05,4.262273753065548,7.268908202702453,0.003534758820576073,0.005267826708114651,0.004088713279804179,-5.645110208106493,-5.2461373908367985,-5.499524959939736,6.566809258995714,0.5767724691304841
2,sub02,10,8.580008302107567,11.848728636305792,0.0034446141629474207,0.0067081954901619,0.004431221945720192,-5.670943379933323,-5.0044252926071335,-5.419079898712014,6.731070000283945,0.591199730468132
3,sub02,15,16.118705415815782,18.06151886481059,0.005973559304796228,0.006606640547421767,0.004686801080037013,-5.120412330774989,-5.019679992224166,-5.363005001727991,12.491252652933984,1.0971250040948002
4,sub02,25,27.105781724585533,27.80726451278828,0.0063454360218928784,0.0075049441572415465,0.005417551300642812,-5.060019461202378,-4.8921932546650275,-5.218111355167527,13.517546795735768,1.1872659208554106
5,sub02,50,53.67469993420792,49.90811222338181,0.011646637931183035,0.010320714265231078,0.009916879323459683,-4.452737730218441,-4.573602309576545,-4.613516991506047,21.621193692008074,1.8990210891545078
6,sub02,75,78.71647733120292,69.18545335831938,0.01912200038866611,0.012974539102899833,0.010428244756691567,-3.9569157539932838,-4.344766372495606,-4.5632373120804965,36.58185966129565,3.21303827933281
7,sub02,90,82.94141945058627,74.70294189585294,0.02195062453160178,0.02003187073003326,0.018261362747834367,-3.818959687400947,-3.9104307372585305,-4.002967776379071,41.96683764246959,3.686008777472416
8,sub02,95,95.18995335929023,97.57550564197379,0.03630773090692097,0.02706746613772508,0.02868674454461187,-3.315724587744335,-3.6094227838107567,-3.5513201254650024,72.25233299596235,6.346028163591336
9,sub02,100,94.17610455326026,93.79805946658561,0.029162599875084575,0.03400636182460549,0.029310213018377516,-3.534868216862585,-3.3812076593809373,-3.529819256514422,54.632170746859046,4.798423522422073
0,sub03,01,1.1872815487657506,1.6056579398878936,0.003055928285310671,0.003297521682773804,0.0026852610040128326,-5.790671874801816,-5.714584097875453,-5.919977347547272,5.536245040526133,0.6226418609036652
1,sub03,05,5.7769901291987775,4.171879340109857,0.002669682402851594,0.0028964266061250014,0.002662594825495175,-5.925795763887969,-5.8442775065627135,-5.9284541333713445,5.518325086611443,0.6206264671898619
2,sub03,10,6.98805876992421,12.174570882102763,0.005536580405280088,0.0039284068561590505,0.003431935136068721,-5.196378224168071,-5.539521315401898,-5.6746309972819,9.637921742716236,1.0839429044778037
3,sub03,15,13.084269519201385,15.638383309006517,0.010853903764172952,0.004307529417804853,0.004349874125095399,-4.523230469772994,-5.447390760147354,-5.437608371059898,21.152188764012898,2.3789117132284607
4,sub03,25,20.35014876414237,24.405585350862083,0.018345137291755284,0.005613456884969851,0.00742819060293144,-3.9983907373241667,-5.182588548691738,-4.902472975760116,34.396539360461155,3.8684568907752634
5,sub03,50,52.81457900752942,50.16475169424327,0.02932277736912768,0.009972929085742792,0.012050191451656802,-3.5293906803541595,-4.6078809482120935,-4.418674731067389,57.91977083269116,6.514031375127391
6,sub03,75,71.97480876196126,75.43495918141963,0.029198526088526956,0.008758951183619744,0.009293344191176937,-3.533637047402188,-4.7376791090990835,-4.678456813411016,53.761233903622255,6.046335463331912
7,sub03,90,82.51045149463442,79.153354425929,0.05198228321470814,0.014953967004317913,0.019720095863071163,-2.9568523258641246,-4.202778662885521,-3.926117068608958,102.26850822687683,11.501776711128546
8,sub03,95,87.27087255513302,106.84665109089892,0.07572561310086214,0.02107463541094627,0.027693187532929313,-2.5806388256887742,-3.8596850748430858,-3.586568833475791,147.8250637916173,16.62536107662396
9,sub03,100,92.86122934166949,107.67080247138736,0.055638465291223384,0.017410341194858212,0.024025787837501866,-2.8888804951393827,-4.050690927757183,-3.7286275322596163,107.12658932388321,12.048147876515673
0,sub04,01,3.3735052171275592,2.184911212126771,0.005853860358457812,0.005148957647006815,0.0019398948993165294,-5.140653945035593,-5.268960983431314,-6.245121482984488,8.067661614298611,1.197662605292542
1,sub04,05,5.415495305384077,5.697612743859392,0.008759942223728714,0.00482341393963159,0.002463840394220016,-4.737565969520346,-5.334273315405321,-6.006034010481905,12.809397352190002,1.901583995275813
2,sub04,10,11.481927208387388,12.293192270456684,0.022176735184619743,0.005790918628480231,0.003922692757400102,-3.80871150425957,-5.15146434221344,-5.540976933098561,27.997465088389234,4.156286986543673
3,sub04,15,17.75658208544273,16.49761754412385,0.019359059979699438,0.005201257186834982,0.004440435861037194,-3.944594753080118,-5.258854915916579,-5.417002740455789,20.501044741576376,3.0434264388207066
4,sub04,25,25.77476479000438,24.793243357172077,0.02662756872153405,0.007712659756637354,0.006854414930003292,-3.625808181802136,-4.864892175976527,-4.982862318989859,33.01843426677189,4.901661212033933
5,sub04,50,55.69175741601041,49.956734679083965,0.027507299135138788,0.019225628806570385,0.022375819058673977,-3.5933038864321336,-3.9515110563713303,-3.7997744095169446,32.57273207131652,4.835495713514808
6,sub04,75,81.56934286074036,74.74894810147666,0.07510027344931772,0.05331212888172021,0.04119313027884213,-2.588931079082622,-2.931591414941428,-3.1894837773342526,83.40401169096154,12.381514087875004
7,sub04,90,85.16087301118654,83.06865930406387,0.06469729534344856,0.0637474897189223,0.05372866401371643,-2.738035881386943,-2.752825472676976,-2.923808639361328,76.7143936755956,11.388425170202094
8,sub04,95,84.89727205625822,78.08834420059765,0.06291164517458607,0.043228864009049725,0.05111572828687081,-2.7660239945009018,-3.1412468584861784,-2.9736630348677986,77.77670849164599,11.546128206231373
9,sub04,100,91.90815064074583,89.25283762468514,0.0919071684121326,0.08424954027984531,0.06151036303644828,-2.3869762503542193,-2.4739721663836,-2.7885496137072843,99.18453483148878,14.724168423285697
0,sub05,01,1.6929590052494947,1.8514292732394546,0.0026893098779673845,0.004284772654396022,0.004211397565079895,-5.918470669224704,-5.452687784490208,-5.469960723173564,3.1336415472411576,0.697770307182093
1,sub05,05,5.6692155679955665,6.796164322777973,0.00547481265296657,0.004465493053480631,0.004141129049418563,-5.2075972225012865,-5.41137564443876,-5.486786811074643,5.009434235138472,1.1154544680256833
2,sub05,10,12.60638953910167,10.93455418856129,0.006083731917744084,0.004750407300301571,0.004330622174445177,-5.10213696904308,-5.349524917179778,-5.442044058041741,6.713541314400897,1.4949092659795133
3,sub05,15,14.70575368775594,15.992603259504481,0.01020301271045538,0.005130384280876484,0.004685298621681054,-4.585072238533067,-5.272574714052044,-5.363325625369789,9.277142927852495,2.0657483547340925
4,sub05,25,30.983606820667198,25.788129962343646,0.03150191062788417,0.009294749681636018,0.008872701666786524,-3.4577070801365153,-4.6783055886032034,-4.724775944281078,32.953778735467836,7.337842559338692
5,sub05,50,57.95498696789287,51.35652572472489,0.025863697874788448,0.013673894875893666,0.010552999825021716,-3.6549149199298747,-4.292266747402662,-4.5513451158740885,24.672203448144668,5.4937779957721915
6,sub05,75,82.31952041763616,76.86428196530478,0.09219119995354491,0.0771844073539036,0.06815449886299695,-2.3838905981640885,-2.561557819632606,-2.6859781088878827,93.34581269489702,20.785381932283865
7,sub05,90,95.67691323815514,96.16033083596182,0.09152858070271819,0.13361990170788884,0.12862218769204506,-2.3911039980673237,-2.0127560640943503,-2.0508759494631037,80.8663073042381,18.00656113269784
8,sub05,95,96.4237663396791,98.59255871075122,0.09007028512260506,0.10058146495601727,0.11476618644883231,-2.4071649676246585,-2.296787283261695,-2.1648583816116562,84.0446730425319,18.714290208953805
9,sub05,100,100.0,97.40478533774527,0.09153038234583263,0.10555944132214305,0.12008089028384289,-2.3910843143207923,-2.2484810598757687,-2.119589677595117,82.53810354045034,18.378821251062263
0,sub06,01,2.157688188929041,1.6803602197210388,0.0036181588820213572,0.005788511786901385,0.0033124468357457384,-5.621789978650034,-5.151880052058772,-5.710068137384785,8.323594531670077,0.7540191168874867
1,sub06,05,5.231150333778512,5.381864466338235,0.009285006801383182,0.006053856664282081,0.005108238128504697,-4.679354351664739,-5.1070597448634105,-5.276900723162227,19.94186416309155,1.8064967903148839
2,sub06,10,9.455349047545859,7.171291556908544,0.00872152881555337,0.005412406767318214,0.0029738525315085745,-4.741960733543949,-5.219061411239632,-5.817897018081943,19.823078441449212,1.7957362103045513
3,sub06,15,23.134545773776892,15.591312576266267,0.011414447981892726,0.005276753638050275,0.00443025711757768,-4.472875359180424,-5.244444211634734,-5.4192976565240984,27.657952728366826,2.505483059249242
4,sub06,25,32.55668742633214,25.007875830707352,0.024365680679248096,0.008163174377607213,0.006934703493502336,-3.714579666313169,-4.808122168789934,-4.971216981211943,50.37637341682844,4.5635029975601
5,sub06,50,53.50718001494401,33.87645398878264,0.0237697463335139,0.013356365318881725,0.009335137198130396,-3.7393416693744284,-4.315762204857779,-4.6739698049212635,52.224141977137265,4.730888952360684
6,sub06,75,77.04700258341705,49.86603436830939,0.028676398024335626,0.012179025457385726,0.01471009717080372,-3.551680863037077,-4.408040031610383,-4.21922113862557,58.10536952465781,5.263658537030257
7,sub06,90,92.87786613059396,77.79835719503063,0.06213770263042046,0.06354395026620978,0.047814711929954144,-2.7784023465661325,-2.7560234823185867,-3.0404219058781865,124.48966598868374,11.277289835930002
8,sub06,95,98.2338131091902,95.43487468376665,0.07280088458960715,0.11417488816655039,0.07831501680990761,-2.620027172897177,-2.1700238994031205,-2.5470159088067335,152.30563865482017,13.797087630654921
9,sub06,100,98.9001748936792,89.8311297535169,0.05190966526366376,0.06062419664489736,0.04960430421695322,-2.9582502775617145,-2.803061181030476,-3.0036776704486923,109.18481377081284,9.89085142767935
0,sub07,01,1.8678295409903622,5.905371008630024,0.006493837482541569,0.004906780088346862,0.0031440835578908487,-5.036901631401272,-5.3171373387851215,-5.762232827831045,5.195841706498674,1.1723260198925647
1,sub07,05,2.8962872076791824,5.5254637011966485,0.006467612753400556,0.004620364863147744,0.0034708085684244483,-5.040948210209818,-5.377281602299524,-5.663367695330559,7.052679291416646,1.5912800871019566
2,sub07,10,8.637982197697557,10.805558726942888,0.010161532583175455,0.006280885771397157,0.004388142446252639,-4.589146003407,-5.070244262047317,-5.428849274413138,8.712671599349532,1.9658203994015437
3,sub07,15,16.168403323461455,15.514073490090334,0.01524715241803488,0.004981075294306531,0.004049450869067994,-4.183362520050552,-5.302109488701983,-5.509173994941003,15.416458802902486,3.478380753331938
4,sub07,25,35.80965727748024,24.854388149671113,0.02487090246497317,0.011471169298559958,0.004967310944807584,-3.694056734532342,-4.467918408960084,-5.304876642680743,21.494390257975095,4.849730689376591
5,sub07,50,56.11950121980207,34.31229747601805,0.0173323124219345,0.01216060596501296,0.008224023250925137,-4.055182749537966,-4.409553571036629,-4.800695743069392,15.516483169694,3.5009490251224946
6,sub07,75,72.69641493345735,49.096906432320395,0.026072462417549635,0.017653716907629805,0.011009723483443559,-3.6468756014293513,-4.0368089281063115,-4.508976443599852,23.242196724780843,5.244084311853213
7,sub07,90,100.0,88.8934663799613,0.09262579857290004,0.06436603745424069,0.048557568859535494,-2.3791875738332804,-2.743169153702594,-3.025005198156011,77.45059563527454,17.475002828867073
8,sub07,95,95.92465650857021,94.33411369269767,0.10134765342216574,0.07508817693917051,0.03897516333170563,-2.289198559562175,-2.5890921635087825,-3.244830673368293,106.91053586736112,24.121982554088174
9,sub07,100,100.0,97.6236550480097,0.08907011932680879,0.07871006616282263,0.06981381518266265,-2.41833136184229,-2.5419842262383385,-2.6619233635453825,81.59828843540892,18.410837380184695
0,sub08,01,2.102838817427477,0.48133812669567033,0.0010977001223140418,0.0015153631211379068,0.004347301170353044,-6.8145380858434415,-6.492100184820996,-5.438200047030548,1.5321173765515692,0.5187760883886405
1,sub08,05,6.671027172459865,1.7226455024672058,0.0012133575416621814,0.0014729185258483856,0.004306560425358622,-6.714363934281254,-6.520509454743284,-5.447615738634452,1.5859110605810807,0.5369906699918177
2,sub08,10,9.127068511970805,0.6136162645231584,0.0012725038791149986,0.0015900916525359824,0.0045368308639360515,-6.666768761123811,-6.443963621306906,-5.395526558268717,1.5995358482340718,0.5416040332705852
3,sub08,15,11.834180926790872,4.047994481500719,0.005461801018843126,0.002168263081543091,0.004646326139388744,-5.209976686685184,-6.133828855191532,-5.3716784492094405,6.001419109706404,2.032084994376756
4,sub08,25,19.97308256326642,14.52509774824237,0.00659587511720704,0.006004611104523872,0.006185840902374839,-5.0213108075739274,-5.115227587491736,-5.085492324032404,7.134411876782358,2.4157171917996547
5,sub08,50,44.28100065877661,23.62569907150073,0.013540311049959756,0.00735714972247621,0.006955547679672683,-4.302084039091288,-4.912082687216089,-4.968215710528374,17.04284042947193,5.770718502607906
6,sub08,75,66.62414678424753,49.10640141014667,0.01601107331962866,0.012435783536468015,0.01617855067271235,-4.1344747136442015,-4.387177193139434,-4.124068946597987,17.99253281656788,6.092285054420671
7,sub08,90,88.9617482785692,72.80341291216646,0.0460806930848252,0.03389195838354199,0.046002528668641324,-3.07736122180429,-3.3845775085605765,-3.079058912946475,56.80789602579187,19.235196037120957
8,sub08,95,100.0,104.65237661542778,0.08771711300326586,0.06435157346878312,0.08636645037251638,-2.433638267473522,-2.7433938935095985,-2.449155984456028,100.17450959518783,33.9191637921435
9,sub08,100,97.06533685063043,95.96711563784206,0.11604793249765033,0.05932975355747248,0.06899424461821826,-2.1537519620373637,-2.824644352479314,-2.673732189193966,137.17531953524136,46.44766568219853
0,sub09,01,-1.1167754367150673,1.0019001154886937,0.003680365293983039,0.012113821510431808,0.005170608579175316,-5.604743267058405,-4.413408204688129,-5.264764883815936,5.804625388335208,0.8761751711170577
1,sub09,05,2.6217529569594666,5.953565695978961,0.0036789655850968657,0.009951233308117988,0.004912378481427713,-5.605123657321066,-4.61005878492825,-5.315997038697758,4.475914559598912,0.6756138325554654
2,sub09,10,4.498251600635772,9.182771969623905,0.00652990727527026,0.015465162010958107,0.006328886587761135,-5.031362535600088,-4.1691653969246705,-5.062630952805815,7.034443215000269,1.0618091737671598
3,sub09,15,15.863486126285775,12.078419164839339,0.012133297991244223,0.018025396187493815,0.005823202397932164,-4.411801705821336,-4.015973616163978,-5.145904928370888,14.949061816242503,2.256475813444752
4,sub09,25,37.33144728137727,47.80631390759864,0.03540092338744068,0.026937382558411386,0.014655167910463285,-3.3410173747916203,-3.614240270908226,-4.222962247330276,44.984994849212725,6.790228985132361
5,sub09,50,51.51590822418663,56.92502529233955,0.044753076329718235,0.024496637723249788,0.019152212266734157,-3.1065950918259153,-3.7092194066348707,-3.9553370469607,46.195631088470876,6.972967636316317
6,sub09,75,71.3362885265849,74.30355111802788,0.0348796558572899,0.04323238559085266,0.02347195633079367,-3.3558515464668126,-3.141165398136688,-3.7519489180640844,40.29854435405084,6.082835951159544
7,sub09,90,78.9261020730722,86.25265635154476,0.06284114219934736,0.03437362480831416,0.019830700495695245,-2.767145289449475,-3.3704657293719613,-3.92052401202668,71.90601060095398,10.85380311867208
8,sub09,95,85.39468512912424,102.8292535311149,0.0900081748188496,0.07106867251097394,0.04735999688138931,-2.4078547814562357,-2.6441086509307827,-3.0499773542554323,95.53609213798279,14.420629459579889
9,sub09,100,87.45479179110178,96.04526891646674,0.0590058846014047,0.039342232004892626,0.044130893397814404,-2.8301181010431624,-3.2354567313598817,-3.120595211223653,61.44545817601901,9.27484225595825
0,sub10,01,-0.9339297757093634,0.5979902850770302,0.004935666830429544,0.004820572552747433,0.0016155187998859127,-5.3112674925441805,-5.33486257109717,-6.428099135574048,10.481915401849946,0.9940853869197918
1,sub10,05,0.8886852615101581,5.0320717073099885,0.005029933564986143,0.005206819765874758,0.002238557466995193,-5.2923485027139465,-5.257786019213629,-6.10192360851307,9.855361597526654,0.934664187919573
2,sub10,10,5.185349798039041,8.5595424988352,0.005987190879641519,0.00500969432630981,0.0020316577058750347,-5.118132945195137,-5.296380378459328,-6.198903215288658,11.578305163281714,1.0980649553883028
3,sub10,15,9.693164266480448,14.111541322672283,0.005192753067653349,0.006475798588501708,0.0022537627127311903,-5.260491266251243,-5.039683344870026,-6.095154142761074,10.818848972505863,1.0260395409184628
4,sub10,25,21.785408095015768,24.545480599767235,0.018832447588590803,0.006120657074067548,0.0029667739233678386,-3.972173961298123,-5.0960858231773996,-5.8202801376214754,37.44726992950814,3.551429523118936
5,sub10,50,41.94364786366378,48.584538981741844,0.021764211434604684,0.008705113389552727,0.004966426379965663,-3.827488335527652,-4.743844680050986,-5.305054735741862,43.941659911527864,4.1673454059111865
6,sub10,75,53.5974186744474,71.84102338407826,0.013598115871921564,0.010591177580378579,0.009503946160315177,-4.297824034666817,-4.547733928159048,-4.656048181327896,28.731527433769806,2.7248446940103004
7,sub10,90,65.36878093348379,88.55372933005955,0.046979069804626655,0.01990671022720794,0.022847912182153207,-3.0580530997637654,-3.9166984067428063,-3.778895536400574,101.08378790190716,9.586598685012365
8,sub10,95,82.51241497706744,103.81374576846954,0.031099091339195785,0.020136743716827197,0.019021136791208162,-3.470576677612988,-3.9052090871456926,-3.9622044554486187,64.05012061301572,6.074394468077061
9,sub10,100,82.745204298014,99.33068151307303,0.02939532077698324,0.012753952183007254,0.008611764797510855,-3.5269197745498277,-4.361914080272245,-4.75462601087122,63.88703216472118,6.058927462571903
0,sub11,01,3.3377411715634686,1.8764497750086624,0.0056744901801607265,0.004579268444059413,0.002331853600306741,-5.1717745557452,-5.386216021985286,-6.061091791063718,4.9908711386453035,0.9809315463724031
1,sub11,05,4.823098959629513,6.008005010588595,0.008221485229032623,0.00431121744732564,0.0027918861350783543,-4.8010044014384246,-5.446534944376547,-5.881037877478702,7.371468904656206,1.4488265055954175
2,sub11,10,8.640955723512212,7.6183067166465,0.005416159272039798,0.004443436363220754,0.0036522641071806846,-5.218368336116267,-5.416327246206905,-5.612408000359156,4.976508915553732,0.9781087209947911
3,sub11,15,18.6199589753304,15.380714355347452,0.013679267827718508,0.006944908381074156,0.004902834894674408,-4.291873889585658,-4.969746494932802,-5.317941691227493,14.272834151843943,2.8052564145115153
4,sub11,25,33.911626150780826,26.42583294153819,0.02222622350259661,0.01057994538619647,0.013842767385640204,-3.8064824483618995,-4.548795014550517,-4.279992393171231,20.098451608101968,3.9502533060746923
5,sub11,50,62.73969224414066,50.04344089894624,0.04254608905276957,0.026112776922600212,0.02623325821884121,-3.1571673423405953,-3.645330547173389,-3.640727275553433,44.86760498924645,8.818510420622497
6,sub11,75,82.38563617740883,69.70884799903284,0.05589581898751475,0.05272742878516847,0.05787283122125542,-2.8842656961171733,-2.94261948852571,-2.8495072407767146,56.30106435879208,11.06570147568923
7,sub11,90,89.01545856518553,76.30246024246095,0.07109443090774058,0.06091143089523376,0.06919484461006796,-2.643746272839294,-2.798334422450494,-2.6708289189882746,68.6162780768018,13.48619707670227
8,sub11,95,91.52063210994474,81.7090478954086,0.09163320810981343,0.05559112296453275,0.0548128043879953,-2.3899615390516784,-2.8897317493837225,-2.903831455606403,89.25352111473428,17.542347228388426
9,sub11,100,96.83720053821457,96.17449005591293,0.1118965954243623,0.07943277211136933,0.09913182530600338,-2.1901800892892007,-2.5328442488910805,-2.3113047458514973,108.85364549537815,21.394656731818152
0,sub12,01,0.3052289361051952,2.185422609185896,0.0018229093812162365,0.002898211986664296,0.001673413156150055,-6.3073214931243955,-5.8436612884613774,-6.392889932205836,11.522094585859994,0.4038497461239074
1,sub12,05,5.105995397846696,10.18075030249595,0.0054181487556588725,0.00317602357026665,0.002372042088034185,-5.218001079871319,-5.752125314256193,-6.044004054313441,36.59797568080114,1.2827600986264
2,sub12,10,9.731026604937853,17.78244855853102,0.005181478716047384,0.0044036780053419485,0.001859868656722452,-5.262664797030117,-5.425315176931378,-6.2872494084157085,30.61918301108615,1.0732032438549584
3,sub12,15,16.81808763222441,27.871852876116566,0.0074402737060496335,0.005493598356743787,0.0037820852927466482,-4.9008476423662835,-5.204171799779778,-5.577479756713907,44.814856072509244,1.5707619923267155
4,sub12,25,22.618214705592987,36.39908409856721,0.009859977836805063,0.00563776149951848,0.004483877580017057,-4.619271358158652,-5.178268189505226,-5.407267075657616,64.14797463854418,2.248388353271387
5,sub12,50,53.36453458695769,79.16290119627948,0.017249308974933007,0.008963374754787316,0.009523354776783031,-4.059983195731342,-4.71460847616922,-4.654008099735298,97.37462219671791,3.4129833043824798
6,sub12,75,69.60252721869145,94.00863292693047,0.020036855321111883,0.010829092183439465,0.009344794592398202,-3.9101819351829183,-4.525519045726503,-4.672935818797918,118.78330107939664,4.163358114031097
7,sub12,90,87.80708998873932,109.77328603982029,0.035802153788154115,0.03106554295519222,0.027547073160134636,-3.3297472257048413,-3.471656017583094,-3.5918589864084867,208.2814455260482,7.300270647078428
8,sub12,95,93.12886735640129,124.98740673697012,0.022881903698777947,0.015696184256203477,0.02001288653137136,-3.7774089123138515,-4.154337637173274,-3.9113788863488193,135.67224053830788,4.755315927079571
9,sub12,100,98.35716014060242,144.2695444939067,0.03938075337648837,0.016474059865736995,0.014228073010977133,-3.2344780750123445,-4.10596826451697,-4.252538293409437,245.85649954953297,8.617277369675458
0,sub13,01,1.0850944558754572,1.047729846267735,0.0035984386860849183,0.009954547629140179,0.004785683684266057,-5.627255225904131,-4.6097257840715375,-5.342126383559339,6.832882053611038,0.6576792228004184
1,sub13,05,6.603952374999567,4.956015095239217,0.00424990963121845,0.006555142370555001,0.004481156619240237,-5.460857559514595,-5.027505442619423,-5.407874091938846,7.099364165139907,0.683328684714941
2,sub13,10,10.364062373377624,8.89373011706909,0.008377752455703675,0.006791892287166209,0.0042642281564750795,-4.782175603837753,-4.992025688878847,-5.457494085933968,14.98391939666021,1.4422336557224258
3,sub13,15,17.053592727869127,14.820187921070005,0.005225354577070477,0.010288540583851981,0.00834625150820124,-5.254232621793476,-4.576724567780617,-4.785942762088155,8.564419502137435,0.8243433323901382
4,sub13,25,26.13732450604287,26.293107919311886,0.012367526674229157,0.010211351442256806,0.010596298226799332,-4.392681058064319,-4.584255290995263,-4.547250562743833,21.46175564461298,2.065738975374541
5,sub13,50,53.08182108463186,50.54026199874858,0.014841360719874772,0.018794081569766457,0.014791239438903859,-4.210337352732489,-3.9742132688281466,-4.2137202032754715,28.151651713003663,2.709655497327317
6,sub13,75,78.2911614870623,75.94155312643193,0.03048787466187399,0.030032361103275663,0.033567710608297614,-3.4904262264832506,-3.5054797752599627,-3.3941906678642293,57.31118748060693,5.516321947939228
7,sub13,90,86.6600269567109,81.96126393212327,0.047430274363178926,0.03260366929571911,0.03201061885396901,-3.0484945545177915,-3.423330441859915,-3.4416875920423244,82.24538614341948,7.916290843793856
8,sub13,95,87.42644134001809,89.30601986822163,0.061872536760566844,0.04135565615447606,0.044102488946250754,-2.782678868815952,-3.1855460795761292,-3.1212390594314465,106.81908885509974,10.281561248572075
9,sub13,100,93.0851951962231,100.88603259157075,0.0631675917438896,0.04434576723919653,0.05136897263105407,-2.761963898213004,-3.1157380147091533,-2.9687209340984335,114.42775806365162,11.013911611473675
0,sub14,01,1.609629643421484,3.1384992553599624,0.002621397798173354,0.0053569313278126925,0.0055808657268325455,-5.944047592722207,-5.229363981315621,-5.188411366445275,5.874097174951444,0.3803941951553289
1,sub14,05,4.813101566254652,4.813075987679539,0.004869548859701739,0.005232915353604219,0.00506654891959228,-5.324753982790227,-5.252786727223709,-5.285095379622214,12.31382175333191,0.7974172329186217
2,sub14,10,6.1695044070460225,9.552759455097894,0.007947568466052582,0.005538830405557169,0.00558918458908404,-4.834889250425284,-5.195971918641989,-5.186921872028647,16.540030903098984,1.071097660770417
3,sub14,15,11.947183662405935,15.17856403027997,0.012664488286077474,0.009504495804282642,0.006827892337906565,-4.368953400128609,-4.655990349763516,-4.9867392419090875,26.8551634661782,1.7390839797549134
4,sub14,25,23.447409105235618,24.98621079893862,0.010762778586254766,0.007216879695593565,0.007111202762414498,-4.531661524661576,-4.931332594617532,-4.9460838845772015,21.465045694497427,1.3900312742099301
5,sub14,50,43.81476136148862,47.14942167768115,0.01711309004224906,0.01729003208635774,0.016297424141184028,-4.067911608772133,-4.057625123513198,-4.116748211805403,35.09793928097061,2.2728688284775913
6,sub14,75,69.34821869037779,59.51703585338866,0.021206610285306543,0.016164808639844448,0.0154287744255532,-3.8534423399948445,-4.124918705805867,-4.171521043788005,44.35302925617401,2.872209015974022
7,sub14,90,85.49968004503492,73.73594943895633,0.036568040509460574,0.02758663807483947,0.03305301100900727,-3.30858063016889,-3.5904237512099035,-3.409642612174393,69.78667098620106,4.519238233845719
8,sub14,95,84.5507641245901,78.45296555003998,0.023990938152258647,0.027927039481748402,0.02615274595026917,-3.730079096923554,-3.5781599024323874,-3.6438010863256465,44.07705513537014,2.8543375115640264
9,sub14,100,92.49463026837219,86.74488401614916,0.0391684135909992,0.02531928927696898,0.032741273437753016,-3.2398846327373034,-3.676188751730098,-3.4191188123235654,77.61772723064956,5.026360987964564
0,sub15,01,-1.9517952892197377,1.6879340368074884,0.003869667286050123,0.00605479517578371,0.0037731458423429444,-5.554586748233169,-5.106904729835165,-5.579846184534735,5.870006805258427,0.5787934863211348
1,sub15,05,0.6377780022854163,5.732481403315673,0.012502910302482895,0.0058231849552411044,0.003932406654472026,-4.381793837574597,-5.145907923753152,-5.538503660256472,16.302168925675726,1.6074238923599542
2,sub15,10,6.288884655499205,11.006850550469414,0.011942379838847147,0.011458943027491415,0.006194611153919454,-4.4276618743922125,-4.468984803407118,-5.0840755335999095,18.17958516942877,1.792540593080698
3,sub15,15,10.326395212550732,15.238671788908846,0.008795788906582893,0.011397248530228752,0.006073519456194451,-4.733482205374449,-4.474383309710452,-5.103817030372349,13.139521893869915,1.2955810679355821
4,sub15,25,21.90188401719684,26.32333865941712,0.013169824993765905,0.01269670419644583,0.009846172640601237,-4.329827051563839,-4.366412831287561,-4.620672463714815,20.8462286879732,2.055476557224957
5,sub15,50,49.737036376015276,51.09910984079883,0.08221982914794451,0.028401355918648133,0.025058188392895718,-2.49835877550113,-3.5613183913402957,-3.686554622913604,134.1264100287554,13.225111152978231
6,sub15,75,76.69177554886173,72.38849532161785,0.04937176419692151,0.03553550188043333,0.03942186406936306,-3.008376593160602,-3.337223029250649,-3.23343469097418,78.36809951139794,7.727239002845875
7,sub15,90,87.31100965598395,91.64422428917852,0.10447784375257715,0.08032414229565753,0.04996148320917094,-2.258780251563447,-2.521685051962434,-2.9965029062316724,166.59149273368757,16.4262281236875
8,sub15,95,93.31844965809654,96.0356934438329,0.05502735983038077,0.058770065403251116,0.057728855271457026,-2.8999247659761584,-2.8341226454902184,-2.851998139112353,105.87554302819477,10.439523615294057
9,sub15,100,94.27565942400662,98.28509261780826,0.06165620446442079,0.059911575744774834,0.04357687598541496,-2.7861814142990724,-2.814885541366479,-3.1332286366286337,94.35376912703936,9.303455480095357
0,sub16,01,-1.1453212255607248,1.4374537063394186,0.0017976075013866263,0.0029912282163488562,0.0031452575461298204,-6.321298664100846,-5.812071201225757,-5.76185950152128,2.5505443722879244,0.4641243066653817
1,sub16,05,2.610103042245737,2.7393156277015023,0.004917279694194886,0.003701402846230537,0.0035163883149066156,-5.314999809071706,-5.5990433835603834,-5.650320863020125,6.349905588538567,1.1554966699236073
2,sub16,10,8.697563610233106,7.273859114844121,0.005971090117329041,0.003702450293960949,0.0046290442096390575,-5.120825769029239,-5.598760436906103,-5.3754048663976945,7.514040653462224,1.3673351251738024
3,sub16,15,16.232869343321255,12.58431360578503,0.0072383136060647545,0.003642643801832561,0.004069041578014323,-4.92836702705542,-5.615045541790846,-5.504347791775832,9.273491581936982,1.687503615933125
4,sub16,25,27.980310706152643,21.841305334115294,0.011003488473387916,0.006099270918778146,0.005487135759314491,-4.509542922515751,-5.099586036457916,-5.205348879218577,13.458697754563387,2.4490884502245813
5,sub16,50,49.64923996776031,38.818462356080744,0.016448237729256004,0.00787957358174992,0.009356359661743363,-4.107536936430076,-4.843481490567691,-4.671698989171009,21.725431914035067,3.953391728316579
6,sub16,75,69.40980040265924,68.22325876902549,0.04388942190502985,0.01874127049213256,0.021363300829042114,-3.1260819468194145,-3.9770272087317577,-3.8460807436343116,61.985100581500916,11.279471215459186
7,sub16,90,72.4476624728164,78.92766723581128,0.06453823216651527,0.028026780273547932,0.032814461327591644,-2.7404974840177077,-3.574594787561653,-3.4168859666234073,87.83918443977862,15.984156566385979
8,sub16,95,84.38914053962921,85.61716979679392,0.0690460068915721,0.03485088707535791,0.04286843149744972,-2.6729822300304065,-3.3566766880003316,-3.149619586458202,86.83920913950102,15.802190375965413
9,sub16,100,86.13495168670043,85.28021437603796,0.0413044342922717,0.020078050244622742,0.024427201381907574,-3.18678541692705,-3.908128088244435,-3.712057956889106,60.289857810173466,10.970986727041497
0,sub17,01,2.5490153125422244,0.7390563093391431,0.003316628221117321,0.0006738050524560465,0.001533521518064384,-5.708806608169847,-7.302569728569287,-6.480188542513382,5.156575176035765,0.48097101692464345
1,sub17,05,8.690955080880025,4.524628174164417,0.008135941411506727,0.0006903251297700607,0.003121794851231255,-4.811463821404048,-7.278347868788731,-5.769347169736197,11.45344113702613,1.068300769968993
2,sub17,10,21.973133447069813,10.049522436706361,0.008618177536635655,0.0009628819283818341,0.002560506671711178,-4.753881639323534,-6.945579761801691,-5.967550121436797,12.78047869258257,1.1920780021054311
3,sub17,15,27.885828009541747,15.060122711471521,0.011980481957683921,0.0005917589511306232,0.004527256475441131,-4.424476456913402,-7.432411183143609,-5.397639157518343,17.426911747015552,1.625466356773221
4,sub17,25,51.912968104366506,25.389852893237958,0.011503522604138495,0.0007883376516775636,0.007768548438461341,-4.4651019771139575,-7.145584067906262,-4.857671948211735,19.06091966345807,1.7778757413753596
5,sub17,50,78.9841334627116,41.76109775585104,0.02200178723346832,0.0010655863042268949,0.015748361818501855,-3.816631591038516,-6.844230110900671,-4.15101893064376,31.971823513630977,2.9821189342396326
6,sub17,75,85.1459397274483,46.07380285189499,0.02883023042693869,0.00016108211374800624,0.025130431649025176,-3.546330774754031,-8.733596299717936,-3.683675750931687,43.26910384933509,4.035854063865656
7,sub17,90,96.28610411821127,73.7726016910515,0.05390425378861914,0.0001273582814892292,0.03163705119117822,-2.920545884169719,-8.968506329291294,-3.453426339187709,73.64822802348408,6.869416602665561
8,sub17,95,96.53775021281248,95.91127803296234,0.07003300839152332,0.00014410055364990606,0.053783936400338114,-2.658788599626477,-8.844999212843305,-2.9227804363176233,108.68257310755331,10.137187168812503
9,sub17,100,100.0,90.9718222773051,0.11829950738680074,0.06756286906988718,0.05572963232988993,-2.1345356721078965,-2.6946967209536017,-2.8872432747687684,174.34662612047686,16.26189305883684
0,sub18,01,0.7279050791599406,2.3764515853577994,0.0024756229685510647,0.00488393164123986,0.005025520768972653,-6.001263210168661,-5.321804719301765,-5.293226194790349,5.076436384453195,0.4509198090506215
1,sub18,05,2.9331839795038617,5.516835035754319,0.008756127274642502,0.00661404708586595,0.006303256670054463,-4.738001563721076,-5.018559545326929,-5.066688847393166,17.630352812249768,1.566034659262468
2,sub18,10,6.816148466464811,11.928721635001125,0.006726927057473904,0.005864284996746233,0.005332424755253694,-5.001636843244981,-5.138874714496545,-5.233949218313037,15.236648915666304,1.353411389270007
3,sub18,15,16.640866811860423,17.427338386633444,0.0074053627227900695,0.006452678440004297,0.005433564277408999,-4.905550848965731,-5.043259972355695,-5.215159955696243,17.18556315011541,1.5265257490096868
4,sub18,25,30.274034155237885,28.749991327013213,0.011523373532147847,0.010312117443828815,0.00806074577272625,-4.463377825251768,-4.574435624365418,-4.820749199110487,24.56456462862197,2.1819733279181013
5,sub18,50,60.59490980818977,53.20991011711739,0.020948652050174196,0.013109878102612589,0.007861464298955954,-3.8656809759644473,-4.334389279296087,-4.845782392315167,50.38789595342724,4.475757933531037
6,sub18,75,76.84049225178624,78.74266246437895,0.031019190905884134,0.01396317710643513,0.02304688118236775,-3.47314920455637,-4.2713316211209165,-3.7702248253160358,68.64309999309404,6.097295661248145
7,sub18,90,83.69031991774978,97.89671651310007,0.04388657467558951,0.01883287638501407,0.02084219658294057,-3.1261468217180712,-3.9721511925348123,-3.8707756653989716,104.6087999074143,9.291986840163435
8,sub18,95,87.13948699314801,104.45447150369206,0.05123854503428195,0.016632598459373583,0.021864540411796085,-2.971263197472249,-4.096390746667957,-3.8228891136934755,120.12733928126109,10.670437446307156
9,sub18,100,99.58861610902908,136.15856695266802,0.07076978427118165,0.02491516293082669,0.03427458812993331,-2.6483231452079545,-3.692278707802895,-3.373351070238102,170.74588405233612,15.166683004016843
0,sub19,01,1.2730148449389689,2.4185145856462804,0.006900423463807539,0.002607569958389566,0.0021704102143886932,-4.976172497695771,-5.949336541769653,-6.132839090406569,6.926687276160733,1.6987847326863634
1,sub19,05,2.7424529961288746,5.440990242059805,0.0073951663000712455,0.0027335555257998346,0.0026471018798713253,-4.906928694894914,-5.902152126757118,-5.9342898676711515,7.93879400162759,1.9470060518427372
2,sub19,10,9.861596381436966,10.855838549766666,0.017526232294135302,0.004912419736312083,0.004362849596340998,-4.044056532177768,-5.315988640584442,-5.4346298579672885,17.468544036170716,4.284197442121917
3,sub19,15,21.621393902488116,16.549860696109185,0.017442304513721335,0.007476194819426704,0.004264429222888099,-4.048856729682723,-4.896031330414996,-5.45744693515651,17.738432108111635,4.350388063679978
4,sub19,25,36.158141218386795,25.483018144129076,0.023184501132788297,0.007163371497635029,0.005531165699317455,-3.7642712781789887,-4.938774529280607,-5.197356690125541,23.8051079023068,5.8382531579807235
5,sub19,50,47.641913346471966,35.107240045288016,0.036409041153582275,0.01461115300391845,0.009867640131681371,-3.3129381518413044,-4.225970137516312,-4.618494549192273,37.567144008003126,9.213421675765114
6,sub19,75,76.06125581073502,51.65744437150484,0.03636928585922603,0.023156234759512694,0.02126173186608277,-3.3140306556111,-3.7654912146446895,-3.8508464481404605,36.05985805979812,8.843756602907574
7,sub19,90,92.60739591673303,81.39284702079448,0.08014502133168244,0.06744392130186506,0.055714451218084105,-2.5239175187407192,-2.696458821933446,-2.887515718337174,102.32770182084441,25.096085712199734
8,sub19,95,96.18524657523044,76.52396833534073,0.042017734714539304,0.04507156688525057,0.043299642711947674,-3.1696634947152904,-3.099503677291465,-3.1396108954639104,46.06508559998044,11.297559859019877
9,sub19,100,100.0,91.9892931279345,0.06849271621538708,0.06675633565671527,0.05913880239157837,-2.681027871989758,-2.706706070000564,-2.827868015158885,67.37160024011905,16.52302772473359
0,sub20,01,1.7236564386070352,2.2332036525051167,0.0021351364020606597,0.003773606054575186,0.0041278820010175275,-6.149224745789334,-5.579724221539503,-5.489990836236259,2.554339540121371,0.45280313417310497
1,sub20,05,5.1445587765746374,3.173875577267241,0.0030956887120438493,0.004214622096286125,0.004463730008159558,-5.7777448735151395,-5.469195348419355,-5.411770537775349,4.004262908876079,0.709828418153857
2,sub20,10,9.096848148729164,6.00957449562007,0.0036729115017611817,0.004666960457026796,0.004542006400638116,-5.606770606700824,-5.367247284939405,-5.394386426088377,4.647219264980335,0.8238041244402237
3,sub20,15,12.683250835268911,10.835135905415918,0.006273291702519264,0.004563176824587158,0.005532407088694571,-5.071454069670304,-5.389736225960582,-5.197132279909038,7.216164491107564,1.279196382062393
4,sub20,25,30.665443649426592,25.298617183051633,0.00856726061059498,0.006871600741501933,0.007640721333273471,-4.759807246176355,-4.980358195303797,-4.874263264910626,10.97743140646531,1.9459493414808853
5,sub20,50,68.13492898049435,51.04632259555926,0.03439287839587737,0.01677089338120059,0.010766792102768716,-3.3699057594107393,-4.088110431983926,-4.531288687077546,39.99458158233425,7.089766887280145
6,sub20,75,87.50108469315421,75.54984643343555,0.04511615259653733,0.021941179441257085,0.033183983238153136,-3.098514945894881,-3.8193900680021327,-3.405687952053484,51.31264963381902,9.09610026857106
7,sub20,90,95.87179319960487,96.41114970147748,0.055495383176045625,0.0399513243796197,0.04329094749463639,-2.891455447707093,-3.2200934563901793,-3.13981173061978,61.98261056615137,10.987544877158653
8,sub20,95,99.089801237641,93.48865125521108,0.06940075512327713,0.05674472463972958,0.05250330266398006,-2.6678575307897097,-2.8691925848317053,-2.9468792034778426,76.79430261389645,13.613186643369243
9,sub20,100,98.33352136652398,101.46323784600838,0.0765111503074441,0.07087004860872631,0.07155936743838591,-2.570318793118106,-2.6469073802744125,-2.6372278599784256,97.24240693896587,17.237984983941505
0,sub21,01,2.299155107333495,0.6876712198743712,0.0050354536805201,0.0019615111804880394,0.0028339616588476924,-5.2912516515044015,-6.2340400923625,-5.8660796667932775,5.105379033829188,0.7580708445452725
1,sub21,05,4.5409929484868545,4.982095885647361,0.0061828822283580935,0.002524048418005163,0.002840451427552642,-5.085970736240665,-5.981891151442328,-5.863792286077163,6.929374326502832,1.028906299229747
2,sub21,10,11.928789981995946,10.400140091356862,0.010976463435286623,0.004632825731596256,0.0037723328628788194,-4.512001986287312,-5.3745882878468585,-5.580061672378259,11.893541770042205,1.7660093784433455
3,sub21,15,19.531753077339065,15.857943060889934,0.0164194058719603,0.007747541450906803,0.010560784265662634,-4.10929135880613,-4.8603797180866986,-4.550607735880033,17.318235769830167,2.5714936205672023
4,sub21,25,29.383203685718517,18.85920233433106,0.018871779481610004,0.008795978564254688,0.006820394732429445,-3.970087621895753,-4.733460643280463,-4.987837930146327,19.71509099604539,2.9273900297368325
5,sub21,50,41.742788415951246,26.085821462682485,0.020684428329695855,0.015296390777346854,0.00894084454670175,-3.8783741164003502,-4.180138375317233,-4.717125225947407,21.499628396575403,3.1923665898273708
6,sub21,75,75.5590816792193,50.967251463051205,0.04052048174956112,0.01734791115223282,0.01521776538897099,-3.205947710492638,-4.054283174521278,-4.185291758026169,46.73334384377044,6.939188099712984
7,sub21,90,95.80256166427094,75.4038130813555,0.0657560142189246,0.039548045834393704,0.03744924505527676,-2.7218041410972207,-3.230238995991876,-3.284768727959702,70.10859158809188,10.41005552827727
8,sub21,95,97.77945592576343,76.3980280817666,0.0630664047496881,0.0830256570505022,0.08298746286806016,-2.7635670640587233,-2.4886055978632315,-2.489065732377114,66.67265832919912,9.899871894484184
9,sub21,100,99.53415862823107,96.64128563073389,0.08411336775378801,0.06590888423924922,0.06383793677961772,-2.4755897739355333,-2.7194820326111055,-2.751407644977852,84.0556467112572,12.480980289412475
0,sub22,01,1.7497757347666343,4.058567527195649,0.003587627557340993,0.004934064078813597,0.005056443824917652,-5.63026414247526,-5.311592273765629,-5.287091844163113,8.994296834120151,0.6760373132150379
1,sub22,05,6.779404332514261,9.30419181561677,0.004915091240590654,0.004453810724654318,0.005572649976376866,-5.315444961854262,-5.41399520663719,-5.189884579405247,12.448482930026472,0.9356639111234761
2,sub22,10,9.55034868035175,13.333866210710825,0.007507687966320915,0.006149135176837323,0.005421817856403401,-4.89182772128123,-5.09144382870433,-5.217324121903465,22.4145637628992,1.6847433148607938
3,sub22,15,15.349185434221823,19.287548578384314,0.00788723000672813,0.005104023172004769,0.005532732769135729,-4.842510282226435,-5.277726192980367,-5.197073413876536,21.049826217225355,1.5821657014423587
4,sub22,25,20.209719508193793,26.715476116100813,0.01019191728726554,0.008328949229081346,0.0061686229925929995,-4.586160295641938,-4.788017973727505,-5.088279643834476,27.217816325428572,2.04576964264968
5,sub22,50,41.20234555368968,54.461228479994396,0.020913294709751472,0.010268531738390638,0.00829347822230829,-3.8673702117294835,-4.578671231339155,-4.79228582939631,55.247005740233476,4.152524428826771
6,sub22,75,58.79594108028202,77.64977036042693,0.029835821037004603,0.01961018914519459,0.015102394493863804,-3.512045559130678,-3.931705993476462,-4.192901971980494,74.83074156488337,5.624494544309902
7,sub22,90,70.05605435221543,93.91058095717243,0.03361483065451446,0.02461246262378741,0.01957932647534222,-3.3927879208690235,-3.704502353604642,-3.933281041074982,106.03795162556668,7.970118535985228
8,sub22,95,89.02781151781045,116.82166649910837,0.042983856533911846,0.041070915484367074,0.026258094182233203,-3.1469306632237624,-3.1924550604326187,-3.639780987675173,109.32068987298665,8.216858618695777
9,sub22,100,91.61397151245428,124.74378860785777,0.04778753388831174,0.04442085544266882,0.041133787770960516,-3.040990470813915,-3.1140462026493125,-3.190925408323605,122.94584843282739,9.240964866777444
0,sub23,01,1.6067395312550747,0.7504683591029976,0.002647116749406248,0.0037572001989053315,0.0017444614157676465,-5.934284250398438,-5.5840812269041376,-6.351309415227417,1.9657491067389672,0.35114223346743084
1,sub23,05,5.350289234562267,5.058987682981092,0.00944206710295454,0.004871795063823205,0.0025802702271790347,-4.6625803500251575,-5.324292813534956,-5.959861146316699,7.711934507247016,1.3775847069932625
2,sub23,10,12.122446258549092,9.720629126113515,0.008872278949853953,0.004476100027070694,0.004441409903278306,-4.724823587830743,-5.409003141357964,-5.416783407161593,7.210775395536707,1.288062534908725
3,sub23,15,19.46411362701902,14.31963473952768,0.016163120862580586,0.005813770016815849,0.005948398463633461,-4.12502312185053,-5.147526034419063,-5.124633261432097,13.102820143884813,2.340559898652783
4,sub23,25,34.37409187606054,25.00045295912017,0.02398459441904366,0.0078038134720541715,0.0063563220700441295,-3.7303435539462053,-4.853142758088907,-5.0583053597783305,18.334142202137354,3.2750322101114815
5,sub23,50,51.71493265998084,35.85122541188122,0.030620845785069285,0.008261053471713043,0.009367069680258912,-3.486074267152718,-4.796203160633341,-4.670554965873992,22.51377172683715,4.021640432563743
6,sub23,75,71.25475682469596,50.435265173977285,0.03130375118589079,0.012347001437860168,0.009764352787769761,-3.464017342422417,-4.394342043942324,-4.629016995624248,31.32371021016424,5.595361852627417
7,sub23,90,91.32429610965983,76.85500279455809,0.10930192126139265,0.03560632908919437,0.0318844612969478,-2.2136413060822884,-3.3352318735214124,-3.4456364945450884,90.44164533947325,16.155612755513786
8,sub23,95,93.81663003001026,85.16728837130717,0.10082154600540967,0.03977627195028288,0.04148729486194758,-2.2944031961324893,-3.2244847266326877,-3.182368046523199,75.43928879357918,13.475738214688416
9,sub23,100,100.0,87.79700804830685,0.08387464025769034,0.0253548598362992,0.032515828470356764,-2.4784319727285165,-3.67478485780016,-3.4260282783498615,63.81770189860324,11.399771365842954
0,sub24,01,1.1217827956076953,0.767511921593193,0.0030182744617891486,0.0030079140646382045,0.0020911041990117874,-5.803069981158049,-5.80650844223941,-6.170063027633851,2.8952099063481103,1.069291433577069
1,sub24,05,4.060623232648997,1.5463905205762398,0.0017400899154488044,0.0020427779589345095,0.0009389246002410056,-6.353818491545544,-6.193444652883559,-6.970775379912964,1.6314665191250017,0.6025515349485023
2,sub24,10,11.271336561565459,2.008997188554818,0.0028732552068605035,0.003458275058520907,0.003228535505518797,-5.852309673532065,-5.666985352223628,-5.735726648430334,2.688930595879235,0.9931060422778335
3,sub24,15,20.85045036242287,8.449552032578179,0.005793817459128825,0.005502132279714807,0.003196350183044019,-5.150963885286812,-5.20261957465411,-5.745745687917662,4.798531019802132,1.7722473600196773
4,sub24,25,33.92023235243802,15.549807117291493,0.016416606608906523,0.006698004969423434,0.006536049372964987,-4.10946185837956,-5.005945562683939,-5.030422367449756,15.348511587398988,5.668684651354184
5,sub24,50,44.21345086736462,22.418759999484454,0.014735469711862605,0.015624154845791258,0.011053414556014522,-4.2174977860109255,-4.158937174691941,-4.505015889157932,13.477527333626405,4.97767173704701
6,sub24,75,56.54950161426087,34.037452488411574,0.02677705579075516,0.02184914157539167,0.012740764897155444,-3.6202098853621565,-3.823593645379728,-4.3629485916172,21.451562717033994,7.922732027087674
7,sub24,90,82.9358796360625,40.75893748117087,0.037892546315875214,0.039108530907791164,0.0210721769099913,-3.273000853362575,-3.241414654004061,-3.8598017385157277,31.541036848197017,11.64908991018787
8,sub24,95,93.37494440582208,72.69926110319818,0.05769683429401777,0.05857541789043206,0.05967587466862725,-2.8525529718949203,-2.83744016033405,-2.8188274496610184,47.931384272008806,17.702557071655452
9,sub24,100,100.0,93.45600334512763,0.05552409504516659,0.0634790939546611,0.04931281842682373,-2.890938207485447,-2.7570446563517317,-3.0095712230722036,47.705983186154214,17.61930941154804
0,sub25,01,-0.8173291153446005,1.8795011293696888,0.0029367399344344875,0.0025827367808208663,0.0023412833380305827,-5.83045517871674,-5.958905674505154,-6.057056064892264,9.798173620685162,0.5423346223566875
1,sub25,05,4.714709551276963,5.829715404891932,0.003391617247468292,0.005211168278163892,0.002506229654615701,-5.686448407198762,-5.2569512107029475,-5.988975784801417,10.825436571760488,0.5991942256052258
2,sub25,10,8.664015454829066,11.075279521763143,0.005944222141067209,0.010212650528410845,0.003840303453756048,-5.1253355999454895,-4.58412807928057,-5.562203891089129,19.88857170357195,1.1008440390665724
3,sub25,15,13.601638744108458,15.696663605042787,0.007367957165006172,0.009400492254465828,0.00465889732623767,-4.91061479369883,-4.666993223580944,-5.368976484115645,25.12479014782626,1.3906717827336827
4,sub25,25,26.864287742131488,25.944516371454856,0.008339347516063307,0.02132724559731456,0.0050992263348222985,-4.786770301156053,-3.8477698876401165,-5.278666449813773,25.124921462666265,1.3906790510866356
5,sub25,50,61.8198830274989,51.776436016331424,0.029420471327076845,0.020686394516808745,0.010321303459725041,-3.5260645433023394,-3.8782790645266343,-4.573545222667506,89.18579637546979,4.936485825762348
6,sub25,75,82.5392537852436,76.4123912488895,0.03329467305010258,0.04522645161940737,0.019938361366445535,-3.4023578632574467,-3.0960731504954486,-3.9151096960376193,104.34739087640199,5.775688920778876
7,sub25,90,91.30919435819311,100.15066256425531,0.045284752395690395,0.054698487930291556,0.0509900298802803,-3.0947848948594654,-2.9059192128925537,-2.976125157912493,150.08648878802111,8.307374656625115
8,sub25,95,94.55426228187038,116.52941783581682,0.028309108701634646,0.06232983199773955,0.05122524454217985,-3.564571663870913,-2.7753151235325775,-2.971522810985116,104.06146440916035,5.759862724118521
9,sub25,100,96.09329947507653,122.71093504916547,0.04426738566462138,0.07902776527899875,0.05496935962826581,-3.1175070883161444,-2.53795602903461,-2.9009793466541236,134.30503985839738,7.433862257598005
